BEGIN;

CREATE EXTENSION IF NOT EXISTS postgis;
CREATE EXTENSION IF NOT EXISTS "uuid-ossp";

CREATE SCHEMA IF NOT EXISTS dominio;
CREATE SCHEMA IF NOT EXISTS dgeo;
CREATE SCHEMA IF NOT EXISTS macrocontrole;

-- ============================================================================
-- Tabelas (espelho do schema SAP — sem FKs para isolar o seed)
-- ============================================================================

CREATE TABLE IF NOT EXISTS dominio.status (
    code smallint PRIMARY KEY, nome character varying(255) NOT NULL
);
CREATE TABLE IF NOT EXISTS dominio.tipo_situacao (
    code smallint PRIMARY KEY, nome character varying(255)
);
CREATE TABLE IF NOT EXISTS dominio.tipo_etapa (
    code smallint PRIMARY KEY, nome character varying(255) NOT NULL
);
CREATE TABLE IF NOT EXISTS dominio.tipo_fase (
    code smallint PRIMARY KEY, nome character varying(255) NOT NULL,
    cor character varying(255) NOT NULL
);
CREATE TABLE IF NOT EXISTS dgeo.usuario (
    id integer PRIMARY KEY, login character varying(255) NOT NULL,
    nome character varying(255) NOT NULL, nome_guerra character varying(255) NOT NULL,
    tipo_turno_id smallint NOT NULL, tipo_posto_grad_id smallint NOT NULL,
    administrador boolean DEFAULT false NOT NULL, ativo boolean DEFAULT true NOT NULL,
    uuid uuid NOT NULL
);
CREATE TABLE IF NOT EXISTS macrocontrole.linha_producao (
    id integer PRIMARY KEY, nome character varying(255) NOT NULL,
    nome_abrev character varying(255) NOT NULL, tipo_produto_id smallint NOT NULL,
    descricao text, disponivel boolean DEFAULT true NOT NULL
);
CREATE TABLE IF NOT EXISTS macrocontrole.fase (
    id integer PRIMARY KEY, tipo_fase_id smallint NOT NULL,
    linha_producao_id integer NOT NULL, ordem integer NOT NULL
);
CREATE TABLE IF NOT EXISTS macrocontrole.subfase (
    id integer PRIMARY KEY, nome character varying(255) NOT NULL,
    fase_id integer NOT NULL, ordem integer NOT NULL
);
CREATE TABLE IF NOT EXISTS macrocontrole.projeto (
    id integer PRIMARY KEY, nome character varying(255) NOT NULL,
    nome_abrev character varying(255) NOT NULL, descricao text,
    status_id smallint NOT NULL
);
CREATE TABLE IF NOT EXISTS macrocontrole.lote (
    id integer PRIMARY KEY, nome character varying(255) NOT NULL,
    nome_abrev character varying(255) NOT NULL, denominador_escala integer NOT NULL,
    linha_producao_id integer NOT NULL, projeto_id integer NOT NULL,
    descricao text, status_id smallint NOT NULL
);
CREATE TABLE IF NOT EXISTS macrocontrole.bloco (
    id integer PRIMARY KEY, nome character varying(255) NOT NULL,
    prioridade integer NOT NULL, status_id smallint NOT NULL, lote_id integer NOT NULL
);
CREATE TABLE IF NOT EXISTS macrocontrole.etapa (
    id integer PRIMARY KEY, tipo_etapa_id smallint NOT NULL,
    subfase_id integer NOT NULL, lote_id integer NOT NULL, ordem integer NOT NULL
);
CREATE TABLE IF NOT EXISTS macrocontrole.unidade_trabalho (
    id integer PRIMARY KEY, nome character varying(255),
    epsg character varying(5) NOT NULL, dado_producao_id integer NOT NULL,
    subfase_id integer NOT NULL, lote_id integer NOT NULL, bloco_id integer NOT NULL,
    disponivel boolean DEFAULT false NOT NULL, dificuldade integer DEFAULT 0 NOT NULL,
    tempo_estimado_minutos integer DEFAULT 0 NOT NULL, prioridade integer NOT NULL,
    observacao text, geom public.geometry(Polygon,4326) NOT NULL
);
CREATE TABLE IF NOT EXISTS macrocontrole.atividade (
    id integer PRIMARY KEY, etapa_id integer NOT NULL,
    unidade_trabalho_id integer NOT NULL, usuario_id integer,
    tipo_situacao_id smallint NOT NULL,
    data_inicio timestamp with time zone, data_fim timestamp with time zone,
    observacao text
);
CREATE TABLE IF NOT EXISTS macrocontrole.perfil_producao (
    id integer PRIMARY KEY, nome character varying(255) NOT NULL
);
CREATE TABLE IF NOT EXISTS macrocontrole.perfil_producao_etapa (
    id integer PRIMARY KEY, perfil_producao_id integer NOT NULL,
    subfase_id integer NOT NULL, tipo_etapa_id smallint NOT NULL, prioridade integer NOT NULL
);
CREATE TABLE IF NOT EXISTS macrocontrole.perfil_producao_operador (
    id integer PRIMARY KEY, usuario_id integer NOT NULL, perfil_producao_id integer NOT NULL
);

-- ============================================================================
-- Limpeza (CASCADE resolve dependências)
-- ============================================================================
TRUNCATE TABLE
    macrocontrole.atividade,
    macrocontrole.perfil_producao_operador,
    macrocontrole.perfil_producao_etapa,
    macrocontrole.perfil_producao,
    macrocontrole.unidade_trabalho,
    macrocontrole.etapa,
    macrocontrole.bloco,
    macrocontrole.lote,
    macrocontrole.projeto,
    macrocontrole.subfase,
    macrocontrole.fase,
    macrocontrole.linha_producao,
    dgeo.usuario,
    dominio.tipo_fase,
    dominio.tipo_etapa,
    dominio.tipo_situacao,
    dominio.status
CASCADE;

-- ============================================================================
-- Dados reais extraídos do dump SAP
-- ============================================================================
-- dominio.status
INSERT INTO dominio.status (code, nome) VALUES
    ('1', 'Previsto / Em Execução'),
    ('2', 'Finalizado'),
    ('3', 'Abandonado');

-- dominio.tipo_situacao
INSERT INTO dominio.tipo_situacao (code, nome) VALUES
    ('1', 'Não iniciada'),
    ('2', 'Em execução'),
    ('3', 'Pausada'),
    ('4', 'Finalizada'),
    ('5', 'Não finalizada');

-- dominio.tipo_etapa
INSERT INTO dominio.tipo_etapa (code, nome) VALUES
    ('1', 'Execução'),
    ('2', 'Revisão'),
    ('3', 'Correção'),
    ('4', 'Revisão/Correção'),
    ('5', 'Revisão final');

-- dominio.tipo_fase
INSERT INTO dominio.tipo_fase (code, nome, cor) VALUES
    ('1', 'Extração', '252,141,89'),
    ('2', 'Reambulação', '254,224,139'),
    ('3', 'Validação', '255,255,191'),
    ('4', 'Edição', '217,239,139'),
    ('5', 'Disseminação', '145,207,96'),
    ('6', 'Vetorização', '222,119,174'),
    ('7', 'Avaliação', '175,141,195'),
    ('8', 'Generalização', '224,243,248'),
    ('9', 'Fototriangulação', '44,127,184'),
    ('10', 'Restituição', '186,186,186'),
    ('11', 'Processamento Digital de Imagens', '215,48,39'),
    ('12', 'Medição de pontos de controle', '0,0,0'),
    ('13', 'Geração de ortoimagem', '128,205,193'),
    ('14', 'Geração de MDE', '191,129,45'),
    ('15', 'Levantamento topográfico', '37,52,148'),
    ('16', 'Preparo', '175,141,195');

-- dgeo.usuario
INSERT INTO dgeo.usuario (id, login, nome, nome_guerra, tipo_turno_id, tipo_posto_grad_id, administrador, ativo, uuid) VALUES
    ('1', 'postgres', 'postgres', 'postgres', '3', '13', true, true, '3dd50602-60d6-42bf-a7a4-57e12eaa3dff'),
    ('2', 'revisor', 'revisor', 'revisor', '1', '1', false, true, '6ce74b98-4f85-4786-9df6-0c18b9ae38bb'),
    ('3', 'operadory', 'operadory', 'operadory', '3', '14', false, true, '2639cbaa-d4d3-47a6-af0c-409d061efd7d'),
    ('4', 'operadorx', 'operadorA', 'operadorA', '3', '3', false, true, '55105cc6-36d6-4360-b83f-26a7820d8f40');

-- macrocontrole.linha_producao
INSERT INTO macrocontrole.linha_producao (id, nome, nome_abrev, tipo_produto_id, descricao, disponivel) VALUES
    ('1', 'Conjunto de dados geoespaciais vetoriais para EDGV 3.0 Topo 1.4 v1.0.2', 'cdgv_edgv_3topo14_v1.0.2', '7', 'Linha de produção padrão para vetores da EDGV', true);

-- macrocontrole.fase
INSERT INTO macrocontrole.fase (id, tipo_fase_id, linha_producao_id, ordem) VALUES
    ('1', '16', '1', '1'),
    ('2', '1', '1', '2'),
    ('3', '3', '1', '3'),
    ('4', '5', '1', '4');

-- macrocontrole.subfase
INSERT INTO macrocontrole.subfase (id, nome, fase_id, ordem) VALUES
    ('1', 'Coleta de Insumos Externos', '1', '1'),
    ('2', 'Preparo das Imagens', '1', '2'),
    ('3', 'Preparo da Altimetria', '1', '3'),
    ('4', 'Extração de Ferrovia', '2', '1'),
    ('5', 'Extração da Hidrografia e Altimetria', '2', '2'),
    ('6', 'Extração de Topônimos', '2', '3'),
    ('7', 'Extração de Vias de Deslocamento', '2', '4'),
    ('8', 'Extração de Elemento Hidrográfico', '2', '5'),
    ('9', 'Extração de Área sem Dados', '2', '6'),
    ('10', 'Extração de Limites', '2', '7'),
    ('11', 'Extração de Interseção de Hidrografia e Transporte', '2', '8'),
    ('12', 'Extração de Área Edificada', '2', '9'),
    ('13', 'Extração de Edificação', '2', '10'),
    ('14', 'Extração de Vegetação', '2', '11'),
    ('15', 'Extração de Planimetria', '2', '12'),
    ('16', 'Verificação Final', '2', '13'),
    ('17', 'Validação Nível Produto', '3', '1'),
    ('18', 'Validação da Ligação', '3', '2'),
    ('19', 'Disseminação', '4', '1');

-- macrocontrole.projeto
INSERT INTO macrocontrole.projeto (id, nome, nome_abrev, descricao, status_id) VALUES
    ('1', 'PIT2026', 'pit26', 'pit do ano carta topo orto etc', '1');

-- macrocontrole.lote
INSERT INTO macrocontrole.lote (id, nome, nome_abrev, denominador_escala, linha_producao_id, projeto_id, descricao, status_id) VALUES
    ('1', 'CartaTopo50K', 'cartatopo50k', '50000', '1', '1', 'cartas topogragraficas 50k', '1'),
    ('2', 'CartaTopo_2_50k', 'cartatopo2 ', '50000', '1', '1', 'carta topo 2 com rev/cor', '1');

-- macrocontrole.bloco
INSERT INTO macrocontrole.bloco (id, nome, prioridade, status_id, lote_id) VALUES
    ('1', 'Conceicao', '1', '1', '1'),
    ('2', 'SaoPaulo', '2', '1', '2');

-- macrocontrole.etapa
INSERT INTO macrocontrole.etapa (id, tipo_etapa_id, subfase_id, lote_id, ordem) VALUES
    ('1', '3', '14', '1', '3'),
    ('2', '3', '10', '1', '3'),
    ('3', '3', '7', '1', '3'),
    ('4', '1', '4', '1', '1'),
    ('5', '2', '15', '1', '2'),
    ('6', '1', '16', '1', '1'),
    ('7', '2', '11', '1', '2'),
    ('8', '1', '8', '1', '1'),
    ('9', '2', '6', '1', '2'),
    ('10', '3', '16', '1', '3'),
    ('11', '1', '9', '1', '1'),
    ('12', '2', '7', '1', '2'),
    ('13', '1', '7', '1', '1'),
    ('14', '3', '12', '1', '3'),
    ('15', '2', '12', '1', '2'),
    ('16', '3', '15', '1', '3'),
    ('17', '3', '13', '1', '3'),
    ('18', '1', '11', '1', '1'),
    ('19', '2', '5', '1', '2'),
    ('20', '1', '13', '1', '1'),
    ('21', '2', '16', '1', '2'),
    ('22', '2', '9', '1', '2'),
    ('23', '1', '14', '1', '1'),
    ('24', '3', '8', '1', '3'),
    ('25', '2', '8', '1', '2'),
    ('26', '1', '10', '1', '1'),
    ('27', '2', '10', '1', '2'),
    ('28', '1', '12', '1', '1'),
    ('29', '3', '4', '1', '3'),
    ('30', '3', '9', '1', '3'),
    ('31', '1', '6', '1', '1'),
    ('32', '2', '4', '1', '2'),
    ('33', '1', '15', '1', '1'),
    ('34', '3', '5', '1', '3'),
    ('35', '1', '5', '1', '1'),
    ('36', '3', '6', '1', '3'),
    ('37', '2', '13', '1', '2'),
    ('38', '2', '14', '1', '2'),
    ('39', '3', '11', '1', '3'),
    ('40', '1', '4', '2', '1'),
    ('41', '1', '5', '2', '1'),
    ('42', '1', '6', '2', '1'),
    ('43', '1', '7', '2', '1'),
    ('44', '1', '8', '2', '1'),
    ('45', '1', '9', '2', '1'),
    ('46', '1', '10', '2', '1'),
    ('47', '1', '11', '2', '1'),
    ('48', '1', '12', '2', '1'),
    ('49', '1', '13', '2', '1'),
    ('50', '1', '14', '2', '1'),
    ('51', '1', '15', '2', '1'),
    ('52', '1', '16', '2', '1'),
    ('53', '4', '4', '2', '2'),
    ('54', '4', '5', '2', '2'),
    ('55', '4', '6', '2', '2'),
    ('56', '4', '7', '2', '2'),
    ('57', '4', '8', '2', '2'),
    ('58', '4', '9', '2', '2'),
    ('59', '4', '10', '2', '2'),
    ('60', '4', '11', '2', '2'),
    ('61', '4', '12', '2', '2'),
    ('62', '4', '13', '2', '2'),
    ('63', '4', '14', '2', '2'),
    ('64', '4', '15', '2', '2'),
    ('65', '4', '16', '2', '2');

-- macrocontrole.unidade_trabalho
INSERT INTO macrocontrole.unidade_trabalho (id, nome, epsg, dado_producao_id, subfase_id, lote_id, bloco_id, disponivel, dificuldade, tempo_estimado_minutos, prioridade, observacao, geom) VALUES
    ('1', '1', '4326', '1', '4', '1', '1', true, '35', '0', '1', 'None', '0103000020E6100000010000000E0000003D0AD7A370DD45C000000000004037C09DA831B790DD45C0EAB1E508954137C02AAC78CDEDDD45C09EB6006C024337C0B1A4FFC97EDE45C0ACA70E65244437C00B278D7B35DF45C0C6AE9C91DE4437C00000000000E045C085EB51B81E4537C000000000000046C085EB51B81E4537C000000000000046C000000000004037C000000000000046C000000000002037C000000000000046C000000000000037C00000000000F045C000000000000037C00000000000E045C000000000000037C03D0AD7A370DD45C000000000000037C03D0AD7A370DD45C000000000004037C0'::geometry),
    ('2', '2', '4326', '1', '4', '1', '1', true, '40', '0', '2', 'None', '0103000020E6100000010000000E000000C3F5285C8FE245C000000000000037C00000000000E045C000000000000037C00000000000D045C000000000000037C00000000000C045C000000000000037C00000000000C045C000000000002037C00000000000C045C000000000004037C00000000000C045C085EB51B81E4537C00000000000E045C085EB51B81E4537C0F5D87284CAE045C0C6AE9C91DE4437C04F5B003681E145C0ACA70E65244437C0D653873212E245C09EB6006C024337C06357CE486FE245C0EAB1E508954137C0C3F5285C8FE245C000000000004037C0C3F5285C8FE245C000000000000037C0'::geometry),
    ('3', '3', '4326', '1', '4', '1', '1', true, '45', '0', '3', 'None', '0103000020E6100000010000000E0000000000000000E045C07B14AE47E13A37C00B278D7B35DF45C03A51636E213B37C0B1A4FFC97EDE45C05458F19ADB3B37C02AAC78CDEDDD45C06249FF93FD3C37C09DA831B790DD45C0164E1AF76A3E37C03D0AD7A370DD45C000000000004037C03D0AD7A370DD45C000000000008037C00000000000E045C000000000008037C00000000000F045C000000000008037C000000000000046C000000000008037C000000000000046C000000000006037C000000000000046C000000000004037C000000000000046C07B14AE47E13A37C00000000000E045C07B14AE47E13A37C0'::geometry),
    ('4', '4', '4326', '1', '4', '1', '1', true, '50', '0', '4', 'None', '0103000020E6100000010000000E000000C3F5285C8FE245C000000000004037C06357CE486FE245C0164E1AF76A3E37C0D653873212E245C06249FF93FD3C37C04F5B003681E145C05458F19ADB3B37C0F5D87284CAE045C03A51636E213B37C00000000000E045C07B14AE47E13A37C00000000000C045C07B14AE47E13A37C00000000000C045C000000000004037C00000000000C045C000000000006037C00000000000C045C000000000008037C00000000000D045C000000000008037C00000000000E045C000000000008037C0C3F5285C8FE245C000000000008037C0C3F5285C8FE245C000000000004037C0'::geometry),
    ('5', '1', '4326', '1', '5', '1', '1', false, '30', '0', '1', 'None', '0103000020E6100000010000000E0000003D0AD7A370DD45C000000000004037C09DA831B790DD45C0EAB1E508954137C02AAC78CDEDDD45C09EB6006C024337C0B1A4FFC97EDE45C0ACA70E65244437C00B278D7B35DF45C0C6AE9C91DE4437C00000000000E045C085EB51B81E4537C000000000000046C085EB51B81E4537C000000000000046C000000000004037C000000000000046C000000000002037C000000000000046C000000000000037C00000000000F045C000000000000037C00000000000E045C000000000000037C03D0AD7A370DD45C000000000000037C03D0AD7A370DD45C000000000004037C0'::geometry),
    ('6', '2', '4326', '1', '5', '1', '1', true, '15', '0', '2', 'None', '0103000020E6100000010000000E000000C3F5285C8FE245C000000000000037C00000000000E045C000000000000037C00000000000D045C000000000000037C00000000000C045C000000000000037C00000000000C045C000000000002037C00000000000C045C000000000004037C00000000000C045C085EB51B81E4537C00000000000E045C085EB51B81E4537C0F5D87284CAE045C0C6AE9C91DE4437C04F5B003681E145C0ACA70E65244437C0D653873212E245C09EB6006C024337C06357CE486FE245C0EAB1E508954137C0C3F5285C8FE245C000000000004037C0C3F5285C8FE245C000000000000037C0'::geometry),
    ('8', '4', '4326', '1', '5', '1', '1', true, '25', '0', '4', 'None', '0103000020E6100000010000000E000000C3F5285C8FE245C000000000004037C06357CE486FE245C0164E1AF76A3E37C0D653873212E245C06249FF93FD3C37C04F5B003681E145C05458F19ADB3B37C0F5D87284CAE045C03A51636E213B37C00000000000E045C07B14AE47E13A37C00000000000C045C07B14AE47E13A37C00000000000C045C000000000004037C00000000000C045C000000000006037C00000000000C045C000000000008037C00000000000D045C000000000008037C00000000000E045C000000000008037C0C3F5285C8FE245C000000000008037C0C3F5285C8FE245C000000000004037C0'::geometry),
    ('9', '1', '4326', '1', '7', '1', '1', true, '55', '0', '1', 'None', '0103000020E6100000010000000E0000003D0AD7A370DD45C000000000004037C09DA831B790DD45C0EAB1E508954137C02AAC78CDEDDD45C09EB6006C024337C0B1A4FFC97EDE45C0ACA70E65244437C00B278D7B35DF45C0C6AE9C91DE4437C00000000000E045C085EB51B81E4537C000000000000046C085EB51B81E4537C000000000000046C000000000004037C000000000000046C000000000002037C000000000000046C000000000000037C00000000000F045C000000000000037C00000000000E045C000000000000037C03D0AD7A370DD45C000000000000037C03D0AD7A370DD45C000000000004037C0'::geometry),
    ('10', '2', '4326', '1', '7', '1', '1', true, '100', '0', '2', 'None', '0103000020E6100000010000000E000000C3F5285C8FE245C000000000000037C00000000000E045C000000000000037C00000000000D045C000000000000037C00000000000C045C000000000000037C00000000000C045C000000000002037C00000000000C045C000000000004037C00000000000C045C085EB51B81E4537C00000000000E045C085EB51B81E4537C0F5D87284CAE045C0C6AE9C91DE4437C04F5B003681E145C0ACA70E65244437C0D653873212E245C09EB6006C024337C06357CE486FE245C0EAB1E508954137C0C3F5285C8FE245C000000000004037C0C3F5285C8FE245C000000000000037C0'::geometry),
    ('11', '3', '4326', '1', '7', '1', '1', true, '20', '0', '3', 'None', '0103000020E6100000010000000E0000000000000000E045C07B14AE47E13A37C00B278D7B35DF45C03A51636E213B37C0B1A4FFC97EDE45C05458F19ADB3B37C02AAC78CDEDDD45C06249FF93FD3C37C09DA831B790DD45C0164E1AF76A3E37C03D0AD7A370DD45C000000000004037C03D0AD7A370DD45C000000000008037C00000000000E045C000000000008037C00000000000F045C000000000008037C000000000000046C000000000008037C000000000000046C000000000006037C000000000000046C000000000004037C000000000000046C07B14AE47E13A37C00000000000E045C07B14AE47E13A37C0'::geometry),
    ('12', '4', '4326', '1', '7', '1', '1', true, '25', '0', '4', 'None', '0103000020E6100000010000000E000000C3F5285C8FE245C000000000004037C06357CE486FE245C0164E1AF76A3E37C0D653873212E245C06249FF93FD3C37C04F5B003681E145C05458F19ADB3B37C0F5D87284CAE045C03A51636E213B37C00000000000E045C07B14AE47E13A37C00000000000C045C07B14AE47E13A37C00000000000C045C000000000004037C00000000000C045C000000000006037C00000000000C045C000000000008037C00000000000D045C000000000008037C00000000000E045C000000000008037C0C3F5285C8FE245C000000000008037C0C3F5285C8FE245C000000000004037C0'::geometry),
    ('13', '1', '4326', '1', '4', '2', '2', true, '50', '0', '1', 'None', '0103000020E6100000010000000A0000000000000000E04BC085EB51B81EC537C00000000000E04BC00000000000C037C00000000000E04BC00000000000A037C00000000000E04BC000000000008037C00000000000D04BC000000000008037C00000000000C04BC000000000008037C00000000000C04BC00000000000A037C00000000000C04BC00000000000C037C00000000000C04BC085EB51B81EC537C00000000000E04BC085EB51B81EC537C0'::geometry),
    ('15', '3', '4326', '1', '4', '2', '2', false, '50', '0', '3', 'None', '0103000020E6100000010000000A0000000000000000A04BC085EB51B81EC537C00000000000A04BC00000000000C037C00000000000A04BC00000000000A037C00000000000A04BC000000000008037C00000000000904BC000000000008037C00000000000804BC000000000008037C00000000000804BC00000000000A037C00000000000804BC00000000000C037C00000000000804BC085EB51B81EC537C00000000000A04BC085EB51B81EC537C0'::geometry),
    ('16', '4', '4326', '1', '4', '2', '2', true, '35', '0', '4', 'None', '0103000020E6100000010000000A0000000000000000804BC07B14AE47E1BA37C00000000000804BC00000000000C037C00000000000804BC00000000000E037C00000000000804BC000000000000038C00000000000904BC000000000000038C00000000000A04BC000000000000038C00000000000A04BC00000000000E037C00000000000A04BC00000000000C037C00000000000A04BC07B14AE47E1BA37C00000000000804BC07B14AE47E1BA37C0'::geometry),
    ('17', '1', '4326', '1', '5', '2', '2', true, '50', '0', '1', 'None', '0103000020E6100000010000000A0000000000000000E04BC085EB51B81EC537C00000000000E04BC00000000000C037C00000000000E04BC00000000000A037C00000000000E04BC000000000008037C00000000000D04BC000000000008037C00000000000C04BC000000000008037C00000000000C04BC00000000000A037C00000000000C04BC00000000000C037C00000000000C04BC085EB51B81EC537C00000000000E04BC085EB51B81EC537C0'::geometry),
    ('18', '2', '4326', '1', '5', '2', '2', true, '30', '0', '2', 'None', '0103000020E6100000010000000A0000000000000000C04BC07B14AE47E1BA37C00000000000C04BC00000000000C037C00000000000C04BC00000000000E037C00000000000C04BC000000000000038C00000000000D04BC000000000000038C00000000000E04BC000000000000038C00000000000E04BC00000000000E037C00000000000E04BC00000000000C037C00000000000E04BC07B14AE47E1BA37C00000000000C04BC07B14AE47E1BA37C0'::geometry),
    ('19', '3', '4326', '1', '5', '2', '2', true, '20', '0', '3', 'None', '0103000020E6100000010000000A0000000000000000A04BC085EB51B81EC537C00000000000A04BC00000000000C037C00000000000A04BC00000000000A037C00000000000A04BC000000000008037C00000000000904BC000000000008037C00000000000804BC000000000008037C00000000000804BC00000000000A037C00000000000804BC00000000000C037C00000000000804BC085EB51B81EC537C00000000000A04BC085EB51B81EC537C0'::geometry),
    ('20', '4', '4326', '1', '5', '2', '2', true, '40', '0', '4', 'None', '0103000020E6100000010000000A0000000000000000804BC07B14AE47E1BA37C00000000000804BC00000000000C037C00000000000804BC00000000000E037C00000000000804BC000000000000038C00000000000904BC000000000000038C00000000000A04BC000000000000038C00000000000A04BC00000000000E037C00000000000A04BC00000000000C037C00000000000A04BC07B14AE47E1BA37C00000000000804BC07B14AE47E1BA37C0'::geometry),
    ('21', '1', '4326', '1', '6', '2', '2', true, '10', '0', '1', 'None', '0103000020E6100000010000000A0000000000000000E04BC085EB51B81EC537C00000000000E04BC00000000000C037C00000000000E04BC00000000000A037C00000000000E04BC000000000008037C00000000000D04BC000000000008037C00000000000C04BC000000000008037C00000000000C04BC00000000000A037C00000000000C04BC00000000000C037C00000000000C04BC085EB51B81EC537C00000000000E04BC085EB51B81EC537C0'::geometry),
    ('22', '2', '4326', '1', '6', '2', '2', true, '20', '0', '2', 'None', '0103000020E6100000010000000A0000000000000000C04BC07B14AE47E1BA37C00000000000C04BC00000000000C037C00000000000C04BC00000000000E037C00000000000C04BC000000000000038C00000000000D04BC000000000000038C00000000000E04BC000000000000038C00000000000E04BC00000000000E037C00000000000E04BC00000000000C037C00000000000E04BC07B14AE47E1BA37C00000000000C04BC07B14AE47E1BA37C0'::geometry),
    ('23', '3', '4326', '1', '6', '2', '2', true, '25', '0', '3', 'None', '0103000020E6100000010000000A0000000000000000A04BC085EB51B81EC537C00000000000A04BC00000000000C037C00000000000A04BC00000000000A037C00000000000A04BC000000000008037C00000000000904BC000000000008037C00000000000804BC000000000008037C00000000000804BC00000000000A037C00000000000804BC00000000000C037C00000000000804BC085EB51B81EC537C00000000000A04BC085EB51B81EC537C0'::geometry),
    ('24', '4', '4326', '1', '6', '2', '2', true, '25', '0', '4', 'None', '0103000020E6100000010000000A0000000000000000804BC07B14AE47E1BA37C00000000000804BC00000000000C037C00000000000804BC00000000000E037C00000000000804BC000000000000038C00000000000904BC000000000000038C00000000000A04BC000000000000038C00000000000A04BC00000000000E037C00000000000A04BC00000000000C037C00000000000A04BC07B14AE47E1BA37C00000000000804BC07B14AE47E1BA37C0'::geometry),
    ('14', '2', '4326', '1', '4', '2', '2', false, '35', '0', '2', 'None', '0103000020E6100000010000000A0000000000000000C04BC07B14AE47E1BA37C00000000000C04BC00000000000C037C00000000000C04BC00000000000E037C00000000000C04BC000000000000038C00000000000D04BC000000000000038C00000000000E04BC000000000000038C00000000000E04BC00000000000E037C00000000000E04BC00000000000C037C00000000000E04BC07B14AE47E1BA37C00000000000C04BC07B14AE47E1BA37C0'::geometry),
    ('7', '3', '4326', '1', '5', '1', '1', false, '20', '0', '3', 'None', '0103000020E6100000010000000E0000000000000000E045C07B14AE47E13A37C00B278D7B35DF45C03A51636E213B37C0B1A4FFC97EDE45C05458F19ADB3B37C02AAC78CDEDDD45C06249FF93FD3C37C09DA831B790DD45C0164E1AF76A3E37C03D0AD7A370DD45C000000000004037C03D0AD7A370DD45C000000000008037C00000000000E045C000000000008037C00000000000F045C000000000008037C000000000000046C000000000008037C000000000000046C000000000006037C000000000000046C000000000004037C000000000000046C07B14AE47E13A37C00000000000E045C07B14AE47E13A37C0'::geometry),
    ('25', '1', '4326', '1', '7', '2', '2', true, '25', '0', '1', 'None', '0103000020E6100000010000000A0000000000000000E04BC085EB51B81EC537C00000000000E04BC00000000000C037C00000000000E04BC00000000000A037C00000000000E04BC000000000008037C00000000000D04BC000000000008037C00000000000C04BC000000000008037C00000000000C04BC00000000000A037C00000000000C04BC00000000000C037C00000000000C04BC085EB51B81EC537C00000000000E04BC085EB51B81EC537C0'::geometry),
    ('26', '2', '4326', '1', '7', '2', '2', true, '25', '0', '2', 'None', '0103000020E6100000010000000A0000000000000000C04BC07B14AE47E1BA37C00000000000C04BC00000000000C037C00000000000C04BC00000000000E037C00000000000C04BC000000000000038C00000000000D04BC000000000000038C00000000000E04BC000000000000038C00000000000E04BC00000000000E037C00000000000E04BC00000000000C037C00000000000E04BC07B14AE47E1BA37C00000000000C04BC07B14AE47E1BA37C0'::geometry),
    ('27', '3', '4326', '1', '7', '2', '2', true, '10', '0', '3', 'None', '0103000020E6100000010000000A0000000000000000A04BC085EB51B81EC537C00000000000A04BC00000000000C037C00000000000A04BC00000000000A037C00000000000A04BC000000000008037C00000000000904BC000000000008037C00000000000804BC000000000008037C00000000000804BC00000000000A037C00000000000804BC00000000000C037C00000000000804BC085EB51B81EC537C00000000000A04BC085EB51B81EC537C0'::geometry),
    ('28', '4', '4326', '1', '7', '2', '2', true, '15', '0', '4', 'None', '0103000020E6100000010000000A0000000000000000804BC07B14AE47E1BA37C00000000000804BC00000000000C037C00000000000804BC00000000000E037C00000000000804BC000000000000038C00000000000904BC000000000000038C00000000000A04BC000000000000038C00000000000A04BC00000000000E037C00000000000A04BC00000000000C037C00000000000A04BC07B14AE47E1BA37C00000000000804BC07B14AE47E1BA37C0'::geometry);

-- macrocontrole.atividade
INSERT INTO macrocontrole.atividade (id, etapa_id, unidade_trabalho_id, usuario_id, tipo_situacao_id, data_inicio, data_fim, observacao) VALUES
    ('85', '13', '9', NULL, '1', NULL, NULL, NULL),
    ('83', '35', '6', '3', '4', '2026-03-01 00:02:49.329-03', '2026-03-01 00:03:07.406-03', NULL),
    ('84', '4', '2', '3', '4', '2026-03-01 00:03:12.797-03', '2026-03-01 00:05:42.777-03', NULL),
    ('75', '4', '3', '3', '4', '2026-03-01 00:05:57.504-03', '2026-03-01 00:06:16.429-03', NULL),
    ('88', '32', '2', '2', '4', '2026-03-01 00:06:36.976-03', '2026-03-01 00:07:38.322-03', NULL),
    ('104', '32', '3', '2', '4', '2026-03-01 00:07:49.887-03', '2026-03-01 00:09:55.766-03', NULL),
    ('76', '35', '7', '4', '4', '2026-03-01 00:13:05.971-03', '2026-03-01 00:13:21.899-03', NULL),
    ('81', '4', '4', '4', '4', '2026-03-01 00:13:23.514-03', '2026-03-01 00:13:52.16-03', NULL),
    ('86', '35', '8', '4', '4', '2026-03-01 00:13:53.774-03', '2026-03-01 00:14:10.274-03', NULL),
    ('124', '40', '13', '4', '4', '2026-03-01 00:14:12.948-03', '2026-03-01 00:14:27.112-03', NULL),
    ('105', '29', '2', '3', '4', '2026-03-01 00:14:43.843-03', '2026-03-01 00:15:19.434-03', '8;corrige la'),
    ('98', '29', '3', '3', '4', '2026-03-01 00:15:20.897-03', '2026-03-01 00:16:11.917-03', 'Não lançou nota atv 3'),
    ('125', '41', '17', '3', '4', '2026-03-01 00:16:13.721-03', '2026-03-01 00:16:40.432-03', NULL),
    ('116', '40', '14', '3', '5', '2026-03-01 00:16:41.722-03', '2026-03-01 00:19:38.749-03', NULL),
    ('143', '40', '14', '3', '3', NULL, NULL, NULL),
    ('102', '19', '7', '2', '4', '2026-03-01 00:19:52.116-03', '2026-03-01 00:24:49.3-03', NULL),
    ('82', '4', '1', '3', '5', '2026-02-28 23:59:44.307-03', '2026-03-01 00:00:09.629-03', NULL),
    ('108', '32', '1', '2', '5', '2026-03-01 00:00:24.911-03', '2026-03-01 00:00:49.169-03', NULL),
    ('89', '19', '6', '2', '5', '2026-03-01 00:03:41.712-03', '2026-03-01 00:04:25.582-03', NULL),
    ('146', '19', '6', NULL, '1', NULL, NULL, NULL),
    ('122', '41', '18', '3', '4', '2026-03-01 00:27:31.704-03', '2026-03-01 00:30:16.425-03', NULL),
    ('144', '4', '1', '3', '4', '2026-03-01 00:30:18.156-03', '2026-03-01 00:30:37.587-03', NULL),
    ('96', '19', '8', '2', '4', '2026-03-01 00:24:53.97-03', '2026-03-01 00:31:30.65-03', NULL),
    ('92', '34', '8', NULL, '1', NULL, NULL, '9;test'),
    ('145', '32', '1', '2', '4', '2026-03-01 00:31:32.081-03', '2026-03-01 00:32:45.932-03', NULL),
    ('87', '3', '9', NULL, '1', NULL, NULL, NULL),
    ('77', '13', '11', NULL, '1', NULL, NULL, NULL),
    ('78', '13', '10', NULL, '1', NULL, NULL, NULL),
    ('79', '13', '12', NULL, '1', NULL, NULL, NULL),
    ('80', '35', '5', NULL, '1', NULL, NULL, NULL),
    ('91', '29', '4', NULL, '1', NULL, NULL, NULL),
    ('94', '12', '10', NULL, '1', NULL, NULL, NULL),
    ('95', '12', '12', NULL, '1', NULL, NULL, NULL),
    ('97', '12', '11', NULL, '1', NULL, NULL, NULL),
    ('99', '3', '10', NULL, '1', NULL, NULL, NULL),
    ('100', '3', '12', NULL, '1', NULL, NULL, NULL),
    ('101', '34', '5', NULL, '1', NULL, NULL, NULL),
    ('103', '3', '11', NULL, '1', NULL, NULL, NULL),
    ('106', '34', '7', NULL, '1', NULL, NULL, NULL),
    ('107', '19', '5', NULL, '1', NULL, NULL, NULL),
    ('109', '12', '9', NULL, '1', NULL, NULL, NULL),
    ('110', '32', '4', NULL, '1', NULL, NULL, NULL),
    ('111', '42', '21', NULL, '1', NULL, NULL, NULL),
    ('112', '42', '22', NULL, '1', NULL, NULL, NULL),
    ('113', '42', '23', NULL, '1', NULL, NULL, NULL),
    ('114', '42', '24', NULL, '1', NULL, NULL, NULL),
    ('115', '41', '19', NULL, '1', NULL, NULL, NULL),
    ('117', '41', '20', NULL, '1', NULL, NULL, NULL),
    ('118', '43', '25', NULL, '1', NULL, NULL, NULL),
    ('119', '43', '26', NULL, '1', NULL, NULL, NULL),
    ('120', '40', '16', NULL, '1', NULL, NULL, NULL),
    ('121', '43', '27', NULL, '1', NULL, NULL, NULL),
    ('123', '40', '15', NULL, '1', NULL, NULL, NULL),
    ('126', '43', '28', NULL, '1', NULL, NULL, NULL),
    ('127', '53', '14', NULL, '1', NULL, NULL, NULL),
    ('128', '54', '19', NULL, '1', NULL, NULL, NULL),
    ('129', '53', '16', NULL, '1', NULL, NULL, NULL),
    ('130', '56', '28', NULL, '1', NULL, NULL, NULL),
    ('131', '53', '15', NULL, '1', NULL, NULL, NULL),
    ('132', '53', '13', NULL, '1', NULL, NULL, NULL),
    ('133', '56', '26', NULL, '1', NULL, NULL, NULL),
    ('134', '56', '25', NULL, '1', NULL, NULL, NULL),
    ('135', '56', '27', NULL, '1', NULL, NULL, NULL),
    ('136', '54', '17', NULL, '1', NULL, NULL, NULL),
    ('137', '55', '24', NULL, '1', NULL, NULL, NULL),
    ('138', '54', '18', NULL, '1', NULL, NULL, NULL),
    ('139', '55', '21', NULL, '1', NULL, NULL, NULL),
    ('140', '55', '22', NULL, '1', NULL, NULL, NULL),
    ('141', '54', '20', NULL, '1', NULL, NULL, NULL),
    ('142', '55', '23', NULL, '1', NULL, NULL, NULL);

-- macrocontrole.perfil_producao
INSERT INTO macrocontrole.perfil_producao (id, nome) VALUES
    ('1', 'Revisor'),
    ('2', 'Executor');

-- macrocontrole.perfil_producao_etapa
INSERT INTO macrocontrole.perfil_producao_etapa (id, perfil_producao_id, subfase_id, tipo_etapa_id, prioridade) VALUES
    ('1', '1', '4', '2', '1'),
    ('3', '2', '4', '1', '2'),
    ('4', '2', '5', '1', '2'),
    ('5', '2', '4', '3', '1'),
    ('6', '2', '5', '3', '1'),
    ('8', '1', '5', '4', '2'),
    ('7', '1', '4', '4', '2'),
    ('2', '1', '5', '2', '1'),
    ('9', '1', '7', '2', '1'),
    ('10', '2', '7', '1', '1'),
    ('11', '2', '7', '3', '1'),
    ('12', '1', '6', '4', '1'),
    ('13', '1', '7', '4', '1'),
    ('14', '1', '6', '2', '1');

-- macrocontrole.perfil_producao_operador
INSERT INTO macrocontrole.perfil_producao_operador (id, usuario_id, perfil_producao_id) VALUES
    ('1', '4', '2'),
    ('2', '2', '1'),
    ('3', '3', '2');


COMMIT;